same stop = True,,,,,,,,,,,,,,,,,,
,sin_auc0,sig_auc0,smx_auc0,sin_auc1,sig_auc1,smx_auc1,sin_auc2,sig_auc2,smx_auc2,sin_ap0,sig_ap0,smx_ap0,sin_ap1,sig_ap1,smx_ap1,sin_ap2,sig_ap2,smx_ap2
0,0.91535631,0.916372005,0.916971635,0.946759749,0.94825806,0.949656561,0.895461201,0.894399103,0.893998567,0.10799741,0.115667075,0.103661846,0.145158919,0.116859173,0.133367268,0.197200145,0.195068673,0.190349626
,,,,,,,,,,,,,,,,,,
AUC,single,sigmoid,softmax,,AP,single,sigmoid,softmax,,,,,,,,,,
HF_edema,0.91535631,0.916372005,0.916971635,,HF_edema,0.10799741,0.115667075,0.103661846,,,,,,,,,,
Puerperal,0.946759749,0.94825806,0.949656561,,Puerperal,0.145158919,0.116859173,0.133367268,,,,,,,,,,
acuteRF,0.895461201,0.894399103,0.893998567,,acuteRF,0.197200145,0.195068673,0.190349626,,,,,,,,,,
