n,p,er,model,hidden_layers,activation,iter,auc_single,auc_multi,auc_multi_refined,ap_single,ap_multi,ap_multi_refined,n_distinct,n_random_features,shared_second_layer_weights
50000,100,0.01,sklearn,25,relu,0,0.558771596086121,0.5076755159905866,0.4506650621851363,0.01567652787409459,0.011979624228392903,0.01020921192380191,25,25,True
50000,100,0.01,sklearn,25,relu,1,0.5226714903486246,0.47134889674321234,0.47579457138290193,0.011529410041509511,0.009583872049215937,0.010082096279852137,25,25,True
50000,100,0.01,sklearn,25,relu,2,0.5258350764948887,0.4834680454418149,0.4655381883664753,0.01346243893909756,0.011314882959360666,0.010517012782926584,25,25,True
50000,100,0.01,sklearn,25,relu,3,0.5503229016069262,0.47166431942436476,0.46176072253518785,0.01596780311565189,0.01230506938499096,0.01173022788463754,25,25,True
50000,100,0.01,sklearn,25,relu,4,0.4911254691047267,0.5048760573459183,0.4862375059450741,0.010736213199834897,0.010993384524617702,0.010095953006443562,25,25,True
