n,p,er,model,hidden_layers,activation,iter,auc_single,auc_multi,auc_multi_refined,ap_single,ap_multi,ap_multi_refined,similarity
5000,10,0.01,torch,1,relu,0,0.5491388769619769,0.5849911740852058,0.5759505748771527,0.015583341459979895,0.018673152226511572,0.01784452785701643,0.8
5000,10,0.01,torch,1,relu,1,0.5289795918367347,0.5028571428571429,0.5372734693877551,0.021736661638645113,0.02011263073209976,0.02203476298075871,0.8
5000,10,0.01,torch,1,relu,0,0.5,0.44857115595629976,0.4472591956490625,0.0136,0.012485512605756735,0.01243108680440247,1.0
5000,10,0.01,torch,1,relu,1,0.3848163265306123,0.48197551020408164,0.6548244897959183,0.01584188785318308,0.021609396578381353,0.10407366482751505,1.0
